{
  "timestamp": 1755372575.0468552,
  "duration_seconds": 15.416589736938477,
  "success_rate": 0.8571428571428571,
  "successful_steps": 6,
  "step_results": {
    "Step 1: Continuous Performance Benchmarking": {
      "data_points_collected": 6,
      "regression_alerts": 0,
      "monitoring_duration": 3.0013186931610107,
      "trends_detected": {
        "latency_ms": "degrading",
        "throughput_ops_sec": "degrading",
        "memory_usage_mb": "improving",
        "efficiency_score": "degrading"
      },
      "baseline_established": false
    },
    "Step 2: Self-Tuning Algorithms": {
      "strategies_tested": 4,
      "best_strategy": "hybrid_adaptive",
      "best_fitness": 0.9632928557188125,
      "strategy_results": {
        "continuous_tuning": {
          "final_fitness": 0.8063233958333335,
          "fitness_improvement": 0.011815062500000084,
          "convergence_estimate": 0.9961736255850838,
          "parameter_values": {
            "learning_rate": 0.04819189374999999,
            "batch_size": 34.400000000000006,
            "dropout_rate": 0.20800000000000002,
            "regularization": 0.01
          },
          "fitness_history": [
            0.7945083333333334,
            0.8001220833333333,
            0.7984308333333333,
            0.7989245833333334,
            0.8063233958333335
          ]
        },
        "evolutionary_search": {
          "final_fitness": 0.82621655801838,
          "fitness_improvement": -0.01368933296213859,
          "convergence_estimate": 0.0,
          "parameter_values": {
            "learning_rate": 0.05513094471302459,
            "batch_size": 44.96794492936368,
            "dropout_rate": 0.27369592535370996,
            "regularization": 0.029028520310838427
          },
          "fitness_history": [
            0.8399058909805186,
            0.7927532469179486,
            0.7839774799482531,
            0.9040152089558632,
            0.82621655801838
          ]
        },
        "gradient_based": {
          "final_fitness": 0.9472971965604967,
          "fitness_improvement": 0.04769203037230285,
          "convergence_estimate": 0.0,
          "parameter_values": {
            "learning_rate": 0.025341644583603377,
            "batch_size": 44.968049096030356,
            "dropout_rate": 0.28932092535370996,
            "regularization": 0.049182050958347
          },
          "fitness_history": [
            0.8996051661881939,
            0.92004767587451,
            0.9383687291397982,
            0.9300567015325628,
            0.9472971965604967
          ]
        },
        "hybrid_adaptive": {
          "final_fitness": 0.9632928557188125,
          "fitness_improvement": 0.025238942651354623,
          "convergence_estimate": 0.0,
          "parameter_values": {
            "learning_rate": 0.029748154930489604,
            "batch_size": 48.27705352554743,
            "dropout_rate": 0.31469059424443396,
            "regularization": 0.046220193711806856
          },
          "fitness_history": [
            0.9380539130674579,
            0.963053913067458,
            0.8207511559039542,
            0.9382928557188124,
            0.9632928557188125
          ]
        }
      }
    },
    "Step 3: Evolutionary Fitness Landscape": {
      "total_evaluations": 120,
      "fitness_peaks_found": 18,
      "best_fitness": 0.9992109130768904,
      "fitness_range": 0.9992109130768904,
      "convergence_trend": "improving",
      "landscape_coverage": 63
    },
    "Step 4: Adaptive Parameter Optimization": {
      "adaptation_cycles": 4,
      "total_improvements": 2,
      "best_fitness": 0.970991525569123,
      "improvement_percentage": 0,
      "convergence_achieved": false,
      "parameter_optimization": {
        "generation_count": 2,
        "strategy": "hybrid_adaptive",
        "best_fitness": 0.970991525569123,
        "best_parameters": {
          "neural_lr": 0.010900000000000002,
          "symbolic_weight": 0.5099999999999999,
          "attention_heads": 8.120208333333334,
          "memory_capacity": 1049.0000007414967,
          "exploration_rate": 0.19555555555555576
        },
        "current_parameters": {
          "neural_lr": 0.010900000000000002,
          "symbolic_weight": 0.5099999999999999,
          "attention_heads": 8.120208333333334,
          "memory_capacity": 1049.0000007414967,
          "exploration_rate": 0.19555555555555576
        },
        "parameter_trends": {
          "neural_lr": "stable",
          "symbolic_weight": "stable",
          "attention_heads": "stable",
          "memory_capacity": "stable",
          "exploration_rate": "stable"
        },
        "convergence_estimate": 0.0,
        "optimization_history_length": 1
      }
    },
    "Step 5: Live Performance Metrics": {
      "monitoring_duration": 6.0,
      "data_points_collected": 50,
      "monitoring_frequency": 8.333333333333334,
      "regression_alerts": 48,
      "trends_detected": {
        "latency_ms": "improving",
        "throughput_ops_sec": "stable",
        "memory_usage_mb": "improving",
        "cpu_utilization": "stable",
        "error_rate": "stable",
        "response_quality": "stable"
      },
      "baseline_metrics": {
        "latency_ms": 4.368132556850762,
        "throughput_ops_sec": 206.8472874153364,
        "memory_usage_mb": 102.12936741339841,
        "cpu_utilization": 0.529249281111855,
        "error_rate": 0.0063884662403678166,
        "response_quality": 0.8159025036932132
      },
      "live_performance_achieved": true
    },
    "Step 6: Optimization Trajectory Visualization": {
      "trajectory_points": 35,
      "optimization_phases": 4,
      "fitness_improvement": 0.11012619303950444,
      "final_distance_to_optimal": 0.16348702004932558,
      "trajectory_efficiency": 0.094791758579863,
      "convergence_trend": "improving",
      "total_distance_traveled": 9.549440320357492,
      "trajectory_data": [
        {
          "generation": 31,
          "phase": "convergence",
          "parameters": {
            "alpha": 0.36786812587992146,
            "beta": 0.6403361321031371,
            "gamma": 0.28443838713082925
          },
          "fitness": 0.7748324547380948,
          "distance_to_optimal": 0.2413432063641288
        },
        {
          "generation": 32,
          "phase": "convergence",
          "parameters": {
            "alpha": 0.426330471078129,
            "beta": 0.5696753113953139,
            "gamma": 0.3315483157591639
          },
          "fitness": 0.824368444681711,
          "distance_to_optimal": 0.18259884151934033
        },
        {
          "generation": 33,
          "phase": "convergence",
          "parameters": {
            "alpha": 0.4049205186695457,
            "beta": 0.5721975421901566,
            "gamma": 0.35453283442524247
          },
          "fitness": 0.8283841463411948,
          "distance_to_optimal": 0.18291472969845612
        },
        {
          "generation": 34,
          "phase": "convergence",
          "parameters": {
            "alpha": 0.4549613397785419,
            "beta": 0.510888279267533,
            "gamma": 0.363369518429802
          },
          "fitness": 0.8639414627315447,
          "distance_to_optimal": 0.14285247368639636
        },
        {
          "generation": 35,
          "phase": "convergence",
          "parameters": {
            "alpha": 0.42341879586972364,
            "beta": 0.5161898865952206,
            "gamma": 0.3383100305775202
          },
          "fitness": 0.8377001874440319,
          "distance_to_optimal": 0.16348702004932558
        }
      ]
    },
    "Step 7: Adaptive Improvement Validation": {
      "improvement_achieved": false,
      "improvement_percentage": 0,
      "stability_score": 0.0,
      "convergence_achieved": false,
      "consistency_score": 0.0,
      "overall_validation_score": 0.0,
      "parameter_stability": {},